{
  "recall": 0.21108118439092477,
  "K": 10,
  "total_users": 391900,
  "cold_start": 97899,
  "evaluated_users": 215248,
  "cold_start_rate": 0.24980607297780047
}